Player,Team,Year,Height,Weight,40 Time,Pick,Teammate,Teammate Year,Tm,Age,Pos,G,GS,Tgt,Rec,Yds,Y/R,TD,1D,Lng,Y/Tgt,R/G,Y/G,Fmb,Teammate Tm,Teammate Age,Teammate Pos,Teammate G,Teammate GS,Teammate Tgt,Teammate Rec,Teammate Yds,Teammate Y/R,Teammate TD,Teammate 1D,Teammate Lng,Teammate Y/Tgt,Teammate R/G,Teammate Y/G,Teammate Fmb,Total FP,FPPG
Jaxon Smith-Njigba,SEA,2023,72,198,4.48,20,D.K. Metcalf,2022,0,22.41216216,0,0,0,0,0,0,0,0,0,0,0,0,0,0,SEA,25,WR,17,17,141,90,1048,11.6,6,47,54,7.4,5.3,61.6,2,0,0
Quentin Johnston,LAC,2023,76,215,4.49,21,Mike Williams,2022,0,22.41216216,0,0,0,0,0,0,0,0,0,0,0,0,0,0,LAC,28,WR,13,13,93,63,895,14.2,4,39,55,9.6,4.8,68.8,0,0,0
Zay Flowers,BAL,2023,70,172,4.42,22,Mark Andrews,2022,0,22.41216216,0,0,0,0,0,0,0,0,0,0,0,0,0,0,BAL,27,TE,15,15,113,73,847,11.6,5,48,36,7.5,4.9,56.5,1,0,0
Jordan Addison,MIN,2023,72,175,4.49,23,Justin Jefferson,2022,0,22.41216216,0,0,0,0,0,0,0,0,0,0,0,0,0,0,MIN,23,WR,17,17,184,128,1809,14.1,8,80,64,9.8,7.5,106.4,0,0,0
Jonathan Mingo,CAR,2023,74,225,4.46,39,DJ Chark,2022,0,22.41216216,0,0,0,0,0,0,0,0,0,0,0,0,0,0,DET,26,WR,11,10,52,30,502,16.7,3,24,51,9.7,2.7,45.6,0,0,0
Jayden Reed,GB,2023,72,190,4.45,50,Christian Watson,2022,0,22.41216216,0,0,0,0,0,0,0,0,0,0,0,0,0,0,GNB,23,WR,14,11,66,41,611,14.9,7,28,63,9.3,2.9,43.6,0,0,0
Rashee Rice,KC,2023,74,203,4.51,55,Travis Kelce,2022,0,22.41216216,0,0,0,0,0,0,0,0,0,0,0,0,0,0,KAN,33,TE,17,17,152,110,1338,12.2,12,78,52,8.8,6.5,78.7,1,0,0
Marvin Mims,DEN,2023,71,182,4.38,63,Jerry Jeudy,2022,0,22.41216216,0,0,0,0,0,0,0,0,0,0,0,0,0,0,DEN,23,WR,15,14,100,67,972,14.5,6,41,67,9.7,4.5,64.8,0,0,0
Nathaniel Dell,HOU,2023,70,165,4.49,69,Nico Collins,2022,0,22.41216216,0,0,0,0,0,0,0,0,0,0,0,0,0,0,HOU,23,WR,10,7,66,37,481,13,2,21,58,7.3,3.7,48.1,0,0,0
Jalin Hyatt,NYG,2023,72,185,4.4,73,Darren Waller,2022,0,22.41216216,0,0,0,0,0,0,0,0,0,0,0,0,0,0,LVR,30,TE,9,6,43,28,388,13.9,3,18,34,9,3.1,43.1,0,0,0
Cedric Tillman,CLE,2023,75,215,4.55,74,Amari Cooper,2022,0,22.41216216,0,0,0,0,0,0,0,0,0,0,0,0,0,0,CLE,28,WR,17,17,132,78,1160,14.9,9,61,55,8.8,4.6,68.2,0,0,0
Josh Downs,IND,2023,70,175,4.48,80,Michael Pittman Jr.,2022,0,22.41216216,0,0,0,0,0,0,0,0,0,0,0,0,0,0,IND,25,WR,16,16,141,99,925,9.3,4,51,28,6.6,6.2,57.8,2,0,0
Michael Wilson,ARI,2023,74,209,4.58,94,Marquise Brown,2022,0,22.41216216,0,0,0,0,0,0,0,0,0,0,0,0,0,0,ARI,25,WR,12,10,107,67,709,10.6,3,33,47,6.6,5.6,59.1,1,0,0
Tre Tucker,LV,2023,69,175,4.4,100,Davante Adams,2022,0,22.41216216,0,0,0,0,0,0,0,0,0,0,0,0,0,0,LVR,30,WR,17,17,180,100,1516,15.2,14,65,60,8.4,5.9,89.2,1,0,0
Derius Davis,LAC,2023,70,175,4.36,125,Mike Williams,2022,0,22.41216216,0,0,0,0,0,0,0,0,0,0,0,0,0,0,LAC,28,WR,13,13,93,63,895,14.2,4,39,55,9.6,4.8,68.8,0,0,0
Charlie Jones,CIN,2023,72,188,4.43,131,Ja'Marr Chase,2022,0,22.41216216,0,0,0,0,0,0,0,0,0,0,0,0,0,0,CIN,22,WR,12,12,134,87,1046,12,9,58,60,7.8,7.3,87.2,2,0,0
Tyler Scott,CHI,2023,71,177,4.44,133,D.J. Moore,2022,0,22.41216216,0,0,0,0,0,0,0,0,0,0,0,0,0,0,CAR,25,WR,17,17,118,63,888,14.1,7,44,62,7.5,3.7,52.2,0,0,0
Justin Shorter,BUF,2023,76,223,4.55,150,Stefon Diggs,2022,0,22.41216216,0,0,0,0,0,0,0,0,0,0,0,0,0,0,BUF,29,WR,16,16,154,108,1429,13.2,11,74,53,9.3,6.8,89.3,1,0,0
Dontayvion Wicks,GB,2023,73,208,4.57,159,Christian Watson,2022,0,22.41216216,0,0,0,0,0,0,0,0,0,0,0,0,0,0,GNB,23,WR,14,11,66,41,611,14.9,7,28,63,9.3,2.9,43.6,0,0,0
Puka Nacua,LAR,2023,73,205,4.55,177,Cooper Kupp,2022,0,22.41216216,0,0,0,0,0,0,0,0,0,0,0,0,0,0,LAR,29,WR,9,9,98,75,812,10.8,6,42,75,8.3,8.3,90.2,2,0,0
Parker Washington,JAC,2023,70,215,4.49,185,Christian Kirk,2022,0,22.41216216,0,0,0,0,0,0,0,0,0,0,0,0,0,0,JAX,26,WR,17,17,133,84,1108,13.2,8,55,49,8.3,4.9,65.2,1,0,0
Kayshon Boutte,NE,2023,72,205,4.5,187,DeVante Parker,2022,0,22.41216216,0,0,0,0,0,0,0,0,0,0,0,0,0,0,NWE,29,WR,13,11,47,31,539,17.4,3,25,43,11.5,2.4,41.5,0,0,0
Trey Palmer,TB,2023,73,190,4.33,191,Chris Godwin,2022,0,22.41216216,0,0,0,0,0,0,0,0,0,0,0,0,0,0,TAM,26,WR,15,13,142,104,1023,9.8,3,53,44,7.2,6.9,68.2,2,0,0
A.T. Perry,NO,2023,77,205,4.47,195,Chris Olave,2022,0,22.41216216,0,0,0,0,0,0,0,0,0,0,0,0,0,0,NOR,22,WR,15,9,119,72,1042,14.5,4,48,53,8.8,4.8,69.5,2,0,0
Xavier Hutchinson,HOU,2023,75,205,4.53,205,Nico Collins,2022,0,22.41216216,0,0,0,0,0,0,0,0,0,0,0,0,0,0,HOU,23,WR,10,7,66,37,481,13,2,21,58,7.3,3.7,48.1,0,0,0
Andrei Iosivas,CIN,2023,75,200,4.43,206,Ja'Marr Chase,2022,0,22.41216216,0,0,0,0,0,0,0,0,0,0,0,0,0,0,CIN,22,WR,12,12,134,87,1046,12,9,58,60,7.8,7.3,87.2,2,0,0
Demario Douglas,NE,2023,68,170,4.44,210,DeVante Parker,2022,0,22.41216216,0,0,0,0,0,0,0,0,0,0,0,0,0,0,NWE,29,WR,13,11,47,31,539,17.4,3,25,43,11.5,2.4,41.5,0,0,0
Antoine Green,DET,2023,75,200,4.47,219,Amon-Ra St. Brown,2022,0,22.41216216,0,0,0,0,0,0,0,0,0,0,0,0,0,0,DET,23,WR,16,16,146,106,1161,11,6,68,49,8,6.6,72.6,0,0,0
Colton Dowell,TEN,2023,75,212,4.42,228,DeAndre Hopkins,2022,0,22.41216216,0,0,0,0,0,0,0,0,0,0,0,0,0,0,ARI,30,WR,9,9,96,64,717,11.2,3,35,33,7.5,7.1,79.7,2,0,0
Jalen Brooks,DAL,2023,74,205,4.69,244,CeeDee Lamb,2022,0,22.41216216,0,0,0,0,0,0,0,0,0,0,0,0,0,0,DAL,23,WR,17,17,156,107,1359,12.7,9,67,39,8.7,6.3,79.9,0,0,0
Ronnie Bell,SF,2023,72,190,4.54,253,Brandon Aiyuk,2022,0,22.41216216,0,0,0,0,0,0,0,0,0,0,0,0,0,0,SFO,24,WR,17,17,114,78,1015,13,8,47,54,8.9,4.6,59.7,1,0,0
Grant DuBose,GB,2023,74,201,4.57,256,Christian Watson,2022,0,22.41216216,0,0,0,0,0,0,0,0,0,0,0,0,0,0,GNB,23,WR,14,11,66,41,611,14.9,7,28,63,9.3,2.9,43.6,0,0,0
Drake London,ATL,2022,76,213,4.58,8,Kyle Pitts,2021,ATL,21,WR,17,15,117,72,866,12,4,48,40,7.4,4.2,50.9,3,ATL,21,TE,17,15,110,68,1026,15.1,1,43,61,9.3,4,60.4,0,176.6,10.38823529
Garrett Wilson,NYJ,2022,72,192,4.38,10,Elijah Moore,2021,NYJ,22,WR,17,12,147,83,1103,13.3,4,56,60,7.5,4.9,64.9,2,NYJ,21,WR,11,6,77,43,538,12.5,5,24,62,7,3.9,48.9,0,213.3,12.54705882
Chris Olave,NO,2022,72,187,4.26,11,Michael Thomas,2021,NOR,22,WR,15,9,119,72,1042,14.5,4,48,53,8.8,4.8,69.5,2,0,25.56647399,0,0,0,0,0,0,0,0,0,0,0,0,0,0,196.2,13.08
Jameson Williams,DET,2022,74,189,4.25,12,Amon-Ra St. Brown,2021,DET,21,WR,6,0,9,1,41,41,1,1,41,4.6,0.2,6.8,0,DET,22,WR,17,9,119,90,912,10.1,5,48,37,7.7,5.3,53.6,0,11.1,1.85
Jahan Dotson,WAS,2022,71,184,4.43,16,Terry McLaurin,2021,WAS,22,WR,12,10,61,35,523,14.9,7,26,61,8.6,2.9,43.6,0,WAS,26,WR,17,17,130,77,1053,13.7,5,47,46,8.1,4.5,61.9,0,129.3,10.775
Treylon Burks,TEN,2022,75,225,4.55,18,Robert Woods,2021,TEN,22,WR,11,6,54,33,444,13.5,1,19,51,8.2,3,40.4,0,LAR,29,WR,9,9,69,45,556,12.4,4,34,28,8.1,5,61.8,0,83.4,7.581818182
Christian Watson,GB,2022,77,200,4.36,34,Allen Lazard,2021,GNB,23,WR,14,11,66,41,611,14.9,7,28,63,9.3,2.9,43.6,0,GNB,26,WR,15,13,60,40,513,12.8,8,28,42,8.6,2.7,34.2,0,144.1,10.29285714
Wan'Dale Robinson,NYG,2022,68,185,4.44,43,Sterling Shepard,2021,NYG,21,WR,6,3,31,23,227,9.9,1,13,19,7.3,3.8,37.8,0,NYG,28,WR,7,6,53,36,366,10.2,1,19,37,6.9,5.1,52.3,0,51.7,8.616666667
John Metchie,HOU,2022,72,195,4.48,44,Brandin Cooks,2021,0,22.41216216,0,0,0,0,0,0,0,0,0,0,0,0,0,0,HOU,28,WR,16,16,134,90,1037,11.5,6,45,52,7.7,5.6,64.8,0,0,0
Tyquan Thornton,NE,2022,75,182,4.28,50,DeVante Parker,2021,NWE,22,WR,13,9,45,22,247,11.2,2,13,29,5.5,1.7,19,0,MIA,28,WR,10,8,73,40,515,12.9,2,29,42,7.1,4,51.5,0,58.7,4.515384615
George Pickens,PIT,2022,75,200,4.47,52,Diontae Johnson,2021,PIT,21,WR,17,12,84,52,801,15.4,4,38,42,9.5,3.1,47.1,0,PIT,25,WR,16,14,169,107,1161,10.9,8,59,50,6.9,6.7,72.6,2,156.1,9.182352941
Alec Pierce,IND,2022,75,213,4.41,53,Michael Pittman Jr.,2021,IND,22,WR,16,12,78,41,593,14.5,2,28,47,7.6,2.6,37.1,1,IND,24,WR,17,17,129,88,1082,12.3,6,54,57,8.4,5.2,63.6,1,110.3,6.89375
Skyy Moore,KC,2022,70,195,4.41,54,Travis Kelce,2021,KAN,22,WR,16,3,33,22,250,11.4,0,13,30,7.6,1.4,15.6,3,KAN,32,TE,16,16,134,92,1125,12.2,9,63,69,8.4,5.8,70.3,1,41,2.5625
Velus Jones Jr.,CHI,2022,72,200,4.31,71,Darnell Mooney,2021,CHI,25,WR,12,2,14,7,107,15.3,1,4,44,7.6,0.6,8.9,3,CHI,24,WR,17,14,140,81,1055,13,4,49,64,7.5,4.8,62.1,0,17.7,1.475
Jalen Tolbert,DAL,2022,75,190,4.49,88,CeeDee Lamb,2021,DAL,23,WR,8,1,3,2,12,6,0,0,8,4,0.3,1.5,0,DAL,22,WR,16,13,120,79,1102,13.9,6,54,49,9.2,4.9,68.9,0,3.2,0.4
David Bell,CLE,2022,75,205,4.65,99,Amari Cooper,2021,CLE,22,WR,16,3,35,24,214,8.9,0,7,20,6.1,1.5,13.4,0,DAL,27,WR,15,14,104,68,865,12.7,8,45,41,8.3,4.5,57.7,1,45.4,2.8375
Danny Gray,SF,2022,74,199,4.33,105,Deebo Samuel,2021,SFO,23,WR,13,0,7,1,10,10,0,1,10,1.4,0.1,0.8,0,SFO,25,WR,16,15,121,77,1405,18.2,6,51,83,11.6,4.8,87.8,4,2,0.153846154
Erik Ezukanma,MIA,2022,75,220,4.55,125,Tyreek Hill,2021,MIA,22,WR,1,0,1,1,3,3,0,0,3,3,1,3,0,KAN,27,WR,17,16,159,111,1239,11.2,9,75,75,7.8,6.5,72.9,2,1.3,1.3
Romeo Doubs,GB,2022,74,200,4.5,132,Allen Lazard,2021,GNB,22,WR,13,7,67,42,425,10.1,3,20,26,6.3,3.2,32.7,2,GNB,26,WR,15,13,60,40,513,12.8,8,28,42,8.6,2.7,34.2,0,98.5,7.576923077
Calvin Austin,PIT,2022,69,162,4.32,137,Diontae Johnson,2021,0,22.41216216,0,0,0,0,0,0,0,0,0,0,0,0,0,0,PIT,25,WR,16,14,169,107,1161,10.9,8,59,50,6.9,6.7,72.6,2,0,0
Khalil Shakir,BUF,2022,72,190,4.43,148,Stefon Diggs,2021,BUF,22,WR,14,2,20,10,161,16.1,1,7,31,8.1,0.7,11.5,0,BUF,28,WR,17,17,164,103,1225,11.9,10,66,61,7.5,6.1,72.1,1,32.1,2.292857143
Montrell Washington,DEN,2022,70,170,4.48,162,Jerry Jeudy,2021,DEN,23,WR,15,1,9,4,2,0.5,0,0,4,0.2,0.3,0.1,5,DEN,22,WR,10,5,56,38,467,12.3,0,22,40,8.3,3.8,46.7,1,-5.8,-0.386666667
Kyle Philips,TEN,2022,71,191,4.58,163,Robert Woods,2021,TEN,23,WR,4,0,13,8,78,9.8,0,3,21,6,2,19.5,2,LAR,29,WR,9,9,69,45,556,12.4,4,34,28,8.1,5,61.8,0,11.8,2.95
Jalen Nailor,MIN,2022,72,190,4.5,191,Justin Jefferson,2021,MIN,23,WR,15,0,13,9,179,19.9,1,7,47,13.8,0.6,11.9,0,MIN,22,WR,17,17,167,108,1616,15,10,75,56,9.7,6.4,95.1,1,32.9,2.193333333
Michael Woods II,CLE,2022,73,198,4.55,202,Amari Cooper,2021,CLE,22,WR,10,0,10,5,45,9,0,3,15,4.5,0.5,4.5,0,DAL,27,WR,15,14,104,68,865,12.7,8,45,41,8.3,4.5,57.7,1,9.5,0.95
Bo Melton,SEA,2022,71,195,4.34,229,D.K. Metcalf,2021,0,22.41216216,0,0,0,0,0,0,0,0,0,0,0,0,0,0,SEA,24,WR,17,17,129,75,967,12.9,12,48,84,7.5,4.4,56.9,1,0,0
Dareke Young,SEA,2022,74,223,4.47,233,D.K. Metcalf,2021,SEA,23,WR,13,0,2,2,24,12,0,2,12,12,0.2,1.8,0,SEA,24,WR,17,17,129,75,967,12.9,12,48,84,7.5,4.4,56.9,1,4.4,0.338461538
Samori Toure,GB,2022,75,190,4.43,258,Allen Lazard,2021,GNB,24,WR,11,2,10,5,82,16.4,1,2,37,8.2,0.5,7.5,1,GNB,26,WR,15,13,60,40,513,12.8,8,28,42,8.6,2.7,34.2,0,17.2,1.563636364
Ja'Marr Chase,CIN,2021,72,201,4.34,5,Tee Higgins,2020,CIN,21,WR,17,17,128,81,1455,18,13,56,82,11.4,4.8,85.6,2,CIN,21,WR,16,14,108,67,908,13.6,6,52,67,8.4,4.2,56.8,1,300.5,17.67647059
Jaylen Waddle,MIA,2021,70,182,4.29,6,Mike Gesicki,2020,MIA,23,WR,16,16,140,104,1015,9.8,6,59,57,7.3,6.5,63.4,2,MIA,25,TE,15,9,85,53,703,13.3,6,36,70,8.3,3.5,46.9,0,237.5,14.84375
DeVonta Smith,PHI,2021,73,175,4.49,10,Dallas Goedert,2020,PHI,23,WR,17,16,104,64,916,14.3,5,43,46,8.8,3.8,53.9,1,PHI,25,TE,11,9,65,46,524,11.4,3,28,41,8.1,4.2,47.6,0,183.6,10.8
Kadarius Toney,NYG,2021,72,193,4.39,20,Darius Slayton,2020,NYG,22,WR,10,4,57,39,420,10.8,0,21,38,7.4,3.9,42,0,NYG,23,WR,16,15,96,50,751,15,3,40,41,7.8,3.1,46.9,1,81,8.1
Rashod Bateman,BAL,2021,72,190,4.39,27,Marquise Brown,2020,BAL,22,WR,12,4,68,46,515,11.2,1,29,36,7.6,3.8,42.9,0,BAL,23,WR,16,14,100,58,769,13.3,8,35,70,7.7,3.6,48.1,0,103.5,8.625
Elijah Moore,NYJ,2021,69,185,4.32,34,Corey Davis,2020,NYJ,21,WR,11,6,77,43,538,12.5,5,24,62,7,3.9,48.9,0,TEN,25,WR,14,12,92,65,984,15.1,5,49,75,10.7,4.6,70.3,1,126.8,11.52727273
Rondale Moore,ARI,2021,67,180,4.29,49,DeAndre Hopkins,2020,ARI,21,WR,14,7,64,54,435,8.1,1,18,77,6.8,3.9,31.1,3,ARI,28,WR,16,16,160,115,1407,12.2,6,75,60,8.8,7.2,87.9,3,97.5,6.964285714
D'Wayne Eskridge,SEA,2021,69,190,4.38,56,D.K. Metcalf,2020,SEA,24,WR,10,0,20,10,64,6.4,1,4,17,3.2,1,6.4,0,SEA,23,WR,16,16,129,83,1303,15.7,10,63,62,10.1,5.2,81.4,1,22.4,2.24
Tutu Atwell,LAR,2021,69,165,4.42,57,Cooper Kupp,2020,0,22.41216216,0,0,0,0,0,0,0,0,0,0,0,0,0,0,LAR,27,WR,15,12,124,92,974,10.6,3,45,55,7.9,6.1,64.9,1,0,0
Terrace Marshall,CAR,2021,75,200,4.38,59,D.J. Moore,2020,0,22.41216216,0,0,0,0,0,0,0,0,0,0,0,0,0,0,CAR,23,WR,15,14,118,66,1193,18.1,4,53,74,10.1,4.4,79.5,0,0,0
Josh Palmer,LAC,2021,73,210,4.51,77,Keenan Allen,2020,LAC,23,WR,17,5,49,33,353,10.7,4,18,36,7.2,1.9,20.8,0,LAC,28,WR,14,13,147,100,992,9.9,8,61,28,6.7,7.1,70.9,3,92.3,5.429411765
Dyami Brown,WAS,2021,73,185,4.44,82,Terry McLaurin,2020,WAS,22,WR,15,6,25,12,165,13.8,0,6,48,6.6,0.8,11,0,WAS,25,WR,15,15,134,87,1118,12.9,4,51,68,8.3,5.8,74.5,1,28.5,1.9
Amari Rodgers,GB,2021,69,212,4.51,85,Davante Adams,2020,GNB,22,WR,16,1,8,4,45,11.3,0,2,19,5.6,0.3,2.8,2,GNB,28,WR,14,14,149,115,1374,11.9,18,73,56,9.2,8.2,98.1,1,4.5,0.28125
Nico Collins,HOU,2021,76,215,4.42,89,Brandin Cooks,2020,HOU,22,WR,14,8,60,33,446,13.5,1,22,32,7.4,2.4,31.9,0,HOU,27,WR,15,15,119,81,1150,14.2,6,51,57,9.7,5.4,76.7,0,83.6,5.971428571
Anthony Schwartz,CLE,2021,72,179,4.25,91,Donovan Peoples-Jones,2020,CLE,21,WR,14,2,23,10,135,13.5,1,6,44,5.9,0.7,9.6,0,CLE,21,WR,12,2,20,14,304,21.7,2,10,75,15.2,1.2,25.3,0,29.5,2.107142857
Dez Fitzpatrick,TEN,2021,74,208,4.43,109,A.J. Brown,2020,TEN,24,WR,4,0,8,5,49,9.8,1,4,18,6.1,1.3,12.3,0,TEN,23,WR,14,12,106,70,1075,15.4,11,55,73,10.1,5,76.8,2,15.9,3.975
Amon-Ra St. Brown,DET,2021,72,197,4.51,112,T.J. Hockenson,2020,DET,22,WR,17,9,119,90,912,10.1,5,48,37,7.7,5.3,53.6,0,DET,23,TE,16,16,101,67,723,10.8,6,40,51,7.2,4.2,45.2,1,211.2,12.42352941
Jaelon Darden,TB,2021,68,174,4.46,129,Chris Godwin,2020,TAM,22,WR,9,0,12,6,43,7.2,0,1,29,3.6,0.7,4.8,0,TAM,24,WR,12,12,84,65,840,12.9,7,43,47,10,5.4,70,1,10.3,1.144444444
Tylan Wallace,BAL,2021,72,185,4.48,131,Marquise Brown,2020,BAL,22,WR,17,1,6,2,23,11.5,0,1,18,3.8,0.1,1.4,0,BAL,23,WR,16,14,100,58,769,13.3,8,35,70,7.7,3.6,48.1,0,4.3,0.252941176
Jacob Harris,LAR,2021,77,219,4.39,141,Cooper Kupp,2020,0,22.41216216,0,0,0,0,0,0,0,0,0,0,0,0,0,0,LAR,27,WR,15,12,124,92,974,10.6,3,45,55,7.9,6.1,64.9,1,0,0
Ihmir Smith-Marsette,MIN,2021,73,181,4.43,157,Justin Jefferson,2020,MIN,22,WR,8,1,6,5,116,23.2,2,4,44,19.3,0.6,14.5,0,MIN,21,WR,16,14,125,88,1400,15.9,7,58,71,11.2,5.5,87.5,1,28.6,3.575
Simi Fehoko,DAL,2021,76,222,4.43,179,CeeDee Lamb,2020,0,22.41216216,0,0,0,0,0,0,0,0,0,0,0,0,0,0,DAL,21,WR,16,14,111,74,935,12.6,5,46,52,8.4,4.6,58.4,2,0,0
Cornell Powell,KC,2021,72,210,4.52,181,Travis Kelce,2020,0,22.41216216,0,0,0,0,0,0,0,0,0,0,0,0,0,0,KAN,31,TE,15,15,145,105,1416,13.5,11,79,45,9.8,7,94.4,1,0,0
Frank Darby,ATL,2021,72,201,4.54,187,Calvin Ridley,2020,ATL,24,WR,10,0,4,1,14,14,0,1,14,3.5,0.1,1.4,0,ATL,26,WR,15,15,143,90,1374,15.3,9,65,63,9.6,6,91.6,1,2.4,0.24
Marquez Stevenson,BUF,2021,72,190,4.45,203,Stefon Diggs,2020,0,22.41216216,0,0,0,0,0,0,0,0,0,0,0,0,0,0,BUF,27,WR,16,15,166,127,1535,12.1,8,73,55,9.2,7.9,95.9,0,0,0
Shi Smith,CAR,2021,70,186,4.43,204,D.J. Moore,2020,CAR,23,WR,6,0,11,6,104,17.3,0,3,63,9.5,1,17.3,0,CAR,23,WR,15,14,118,66,1193,18.1,4,53,74,10.1,4.4,79.5,0,16.4,2.733333333
Racey McMath,TEN,2021,75,224,4.38,205,A.J. Brown,2020,TEN,22,WR,9,0,6,2,8,4,0,0,9,1.3,0.2,0.9,1,TEN,23,WR,14,12,106,70,1075,15.4,11,55,73,10.1,5,76.8,2,0.8,0.088888889
Jalen Camp,JAX,2021,74,226,4.43,209,Laviska Shenault Jr.,2020,0,22.41216216,0,0,0,0,0,0,0,0,0,0,0,0,0,0,JAX,22,WR,14,12,79,58,600,10.3,5,33,36,7.6,4.1,42.9,0,0,0
Seth Williams,DEN,2021,75,211,4.5,219,Courtland Sutton,2020,DEN,21,WR,2,1,1,1,34,34,0,1,34,34,0.5,17,0,DEN,25,WR,1,1,6,3,66,22,0,2,45,11,3,66,0,4.4,2.2
Dazz Newsome,CHI,2021,71,190,4.59,221,Allen Robinson II,2020,CHI,22,WR,3,1,5,2,23,11.5,0,1,13,4.6,0.7,7.7,0,0,25.56647399,0,0,0,0,0,0,0,0,0,0,0,0,0,0,4.3,1.433333333
Mike Strachan,IND,2021,77,226,4.53,229,T.Y. Hilton,2020,IND,24,WR,6,0,3,2,26,13,0,2,16,8.7,0.3,4.3,0,IND,31,WR,15,15,93,56,762,13.6,5,42,50,8.2,3.7,50.8,0,4.6,0.766666667
Tre Nixon,NE,2021,73,180,4.44,242,Jakobi Meyers,2020,0,22.41216216,0,0,0,0,0,0,0,0,0,0,0,0,0,0,NWE,24,WR,14,9,81,59,729,12.4,0,37,35,9,4.2,52.1,1,0,0
Ben Skowronek,LA,2021,75,211,4.55,249,Cooper Kupp,2020,LAR,24,WR,14,1,20,11,133,12.1,0,7,35,6.7,0.8,9.5,0,LAR,27,WR,15,12,124,92,974,10.6,3,45,55,7.9,6.1,64.9,1,24.3,1.735714286
Kawaan Baker,NOR,2021,73,210,4.54,255,Marquez Callaway,2020,0,22.41216216,0,0,0,0,0,0,0,0,0,0,0,0,0,0,NOR,22,WR,11,3,27,21,213,10.1,0,10,27,7.9,1.9,19.4,0,0,0
Dax Milne,WAS,2021,72,193,4.53,258,Terry McLaurin,2020,WAS,22,WR,13,1,14,9,83,9.2,0,4,22,5.9,0.7,6.4,1,WAS,25,WR,15,15,134,87,1118,12.9,4,51,68,8.3,5.8,74.5,1,15.3,1.176923077
Henry Ruggs III,LV,2020,71,188,4.27,12,Darren Waller,2019,LVR,21,WR,13,12,43,26,452,17.4,2,13,72,10.5,2,34.8,2,OAK,27,TE,16,16,117,90,1145,12.7,3,53,75,9.8,5.6,71.6,1,79.2,6.092307692
Jerry Jeudy,DEN,2020,73,193,4.45,15,Noah Fant,2019,DEN,21,WR,16,14,113,52,856,16.5,3,39,92,7.6,3.3,53.5,2,DEN,22,TE,16,11,66,40,562,14.1,3,23,75,8.5,2.5,35.1,1,151.6,9.475
CeeDee Lamb,DAL,2020,74,198,4.5,17,Amari Cooper,2019,DAL,21,WR,16,14,111,74,935,12.6,5,46,52,8.4,4.6,58.4,2,DAL,25,WR,16,16,119,79,1189,15.1,8,54,53,10,4.9,74.3,0,193.5,12.09375
Jalen Reagor,PHI,2020,71,206,4.47,21,Travis Fulgham,2019,PHI,21,WR,11,11,54,31,396,12.8,1,19,55,7.3,2.8,36,2,DET,24,WR,3,0,3,0,0,0,0,0,0,0,0,0,0,72.6,6.6
Justin Jefferson,MIN,2020,73,202,4.43,22,Adam Thielen,2019,MIN,21,WR,16,14,125,88,1400,15.9,7,58,71,11.2,5.5,87.5,1,MIN,29,WR,10,10,48,30,418,13.9,6,18,44,8.7,3,41.8,0,268,16.75
Brandon Aiyuk,SF,2020,72,205,4.5,25,Deebo Samuel,2019,SFO,22,WR,12,11,96,60,748,12.5,5,42,49,7.8,5,62.3,0,SFO,23,WR,15,11,81,57,802,14.1,3,32,42,9.9,3.8,53.5,2,164.8,13.73333333
Tee Higgins,CIN,2020,76,216,4.58,33,Tyler Boyd,2019,CIN,21,WR,16,14,108,67,908,13.6,6,52,67,8.4,4.2,56.8,1,CIN,25,WR,16,15,148,90,1046,11.6,5,51,47,7.1,5.6,65.4,2,191.8,11.9875
Michael Pittman Jr.,IND,2020,76,223,4.52,34,T.Y. Hilton,2019,IND,23,WR,13,8,61,40,503,12.6,1,22,45,8.2,3.1,38.7,0,IND,30,WR,10,10,68,45,501,11.1,5,24,35,7.4,4.5,50.1,0,96.3,7.407692308
Laviska Shenault Jr.,JAX,2020,73,227,4.58,42,Keelan Cole,2019,JAX,22,WR,14,12,79,58,600,10.3,5,33,36,7.6,4.1,42.9,0,JAX,26,WR,16,1,35,24,361,15,3,19,55,10.3,1.5,22.6,0,148,10.57142857
KJ Hamler,DEN,2020,69,178,4.27,46,Jerry Jeudy,2019,DEN,21,WR,13,4,56,30,381,12.7,3,17,49,6.8,2.3,29.3,2,0,25.56647399,0,0,0,0,0,0,0,0,0,0,0,0,0,0,82.1,6.315384615
Chase Claypool,PIT,2020,76,238,4.42,49,Diontae Johnson,2019,PIT,22,WR,16,6,109,62,873,14.1,9,41,84,8,3.9,54.6,3,PIT,23,WR,16,12,92,59,680,11.5,5,31,45,7.4,3.7,42.5,5,197.3,12.33125
Van Jefferson,LAR,2020,73,200,4.59,57,Cooper Kupp,2019,LAR,24,WR,16,0,31,19,220,11.6,1,11,31,7.1,1.2,13.8,1,LAR,26,WR,16,14,134,94,1161,12.4,10,51,66,8.7,5.9,72.6,3,45,2.8125
Denzel Mims,NYJ,2020,75,207,4.38,59,Jameson Crowder,2019,NYJ,23,WR,9,8,44,23,357,15.5,0,15,30,8.1,2.6,39.7,0,0,25.56647399,0,0,0,0,0,0,0,0,0,0,0,0,0,0,58.7,6.522222222
Bryan Edwards,LV,2020,75,212,4.53,81,Darren Waller,2019,LVR,22,WR,12,3,15,11,193,17.5,1,9,34,12.9,0.9,16.1,0,OAK,27,TE,16,16,117,90,1145,12.7,3,53,75,9.8,5.6,71.6,1,36.3,3.025
Devin Duvernay,BAL,2020,70,200,4.39,92,Marquise Brown,2019,BAL,23,WR,16,3,26,20,201,10.1,0,8,39,7.7,1.3,12.6,0,BAL,22,WR,14,11,71,46,584,12.7,7,24,83,8.2,3.3,41.7,0,40.1,2.50625
Gabriel Davis,BUF,2020,74,216,4.54,128,Stefon Diggs,2019,BUF,21,WR,16,11,62,35,599,17.1,7,27,56,9.7,2.2,37.4,1,MIN,26,WR,15,15,94,63,1130,17.9,6,41,66,12,4.2,75.3,4,134.9,8.43125
Antonio Gandy-Golden,WAS,2020,76,223,4.6,142,Terry McLaurin,2019,WAS,22,WR,6,2,7,1,3,3,0,0,3,0.4,0.2,0.5,0,WAS,24,WR,14,14,93,58,919,15.8,7,43,75,9.9,4.1,65.6,0,1.3,0.216666667
Joe Reed,LAC,2020,73,224,4.47,151,Keenan Allen,2019,LAC,22,WR,11,0,1,0,0,0,0,0,0,0,0,0,0,LAC,27,WR,16,16,149,104,1199,11.5,6,63,45,8,6.5,74.9,0,0,0
Tyler Johnson,TB,2020,74,206,4.53,161,Chris Godwin,2019,TAM,22,WR,14,3,17,12,169,14.1,2,9,35,9.9,0.9,12.1,0,TAM,23,WR,14,14,121,86,1333,15.5,9,63,71,11,6.1,95.2,0,40.9,2.921428571
Collin Johnson,JAX,2020,78,222,4.58,165,D.J. Chark,2019,JAX,23,WR,14,0,31,18,272,15.1,2,12,46,8.8,1.3,19.4,0,0,25.56647399,0,0,0,0,0,0,0,0,0,0,0,0,0,0,57.2,4.085714286
Quintez Cephus,DET,2020,73,202,4.73,166,T.J. Hockenson,2019,DET,22,WR,13,2,35,20,349,17.5,2,16,49,10,1.5,26.8,0,DET,22,TE,12,7,59,32,367,11.5,2,19,39,6.2,2.7,30.6,0,66.9,5.146153846
John Hightower,PHI,2020,73,189,4.43,168,Travis Fulgham,2019,PHI,24,WR,13,4,29,10,167,16.7,0,5,59,5.8,0.8,12.8,0,DET,24,WR,3,0,3,0,0,0,0,0,0,0,0,0,0,26.7,2.053846154
Isaiah Coulter,HOU,2020,74,198,4.45,171,Will Fuller V,2019,0,22.41216216,0,0,0,0,0,0,0,0,0,0,0,0,0,0,0,25.56647399,0,0,0,0,0,0,0,0,0,0,0,0,0,0,0,0
Darnell Mooney,CHI,2020,71,175,4.38,173,Allen Robinson II,2019,CHI,23,WR,16,9,98,61,631,10.3,4,33,53,6.4,3.8,39.4,1,0,25.56647399,0,0,0,0,0,0,0,0,0,0,0,0,0,0,146.1,9.13125
K.J. Osborn,MIN,2020,73,203,4.48,176,Adam Thielen,2019,0,22.41216216,0,0,0,0,0,0,0,0,0,0,0,0,0,0,MIN,29,WR,10,10,48,30,418,13.9,6,18,44,8.7,3,41.8,0,0,0
Donovan Peoples-Jones,CLE,2020,74,212,4.48,187,Odell Beckham Jr.,2019,CLE,21,WR,12,2,20,14,304,21.7,2,10,75,15.2,1.2,25.3,0,CLE,27,WR,16,15,133,74,1035,14,4,44,89,7.8,4.6,64.7,1,56.4,4.7
Quez Watkins,PHI,2020,72,185,4.35,200,Travis Fulgham,2019,PHI,22,WR,6,0,13,7,106,15.1,1,4,43,8.2,1.2,17.7,0,DET,24,WR,3,0,3,0,0,0,0,0,0,0,0,0,0,23.6,3.933333333
James Proche,BAL,2020,71,201,4.65,201,Marquise Brown,2019,BAL,24,WR,14,0,3,1,14,14,0,1,14,4.7,0.1,1,0,BAL,22,WR,14,11,71,46,584,12.7,7,24,83,8.2,3.3,41.7,0,2.4,0.171428571
Isaiah Hodgins,BUF,2020,76,210,4.61,207,Stefon Diggs,2019,0,22.41216216,0,0,0,0,0,0,0,0,0,0,0,0,0,0,MIN,26,WR,15,15,94,63,1130,17.9,6,41,66,12,4.2,75.3,4,0,0
Dezmon Patmon,IND,2020,76,225,4.48,212,T.Y. Hilton,2019,0,22.41216216,0,0,0,0,0,0,0,0,0,0,0,0,0,0,IND,30,WR,10,10,68,45,501,11.1,5,24,35,7.4,4.5,50.1,0,0,0
Freddie Swain,SEA,2020,72,197,4.46,214,D.K. Metcalf,2019,SEA,22,WR,16,1,21,13,159,12.2,2,6,23,7.6,0.8,9.9,0,SEA,22,WR,16,15,100,58,900,15.5,7,39,54,9,3.6,56.3,3,40.9,2.55625
Jauan Jennings,SF,2020,75,215,4.72,217,Deebo Samuel,2019,0,22.41216216,0,0,0,0,0,0,0,0,0,0,0,0,0,0,SFO,23,WR,15,11,81,57,802,14.1,3,32,42,9.9,3.8,53.5,2,0,0
K.J. Hill,LAC,2020,72,196,4.6,220,Keenan Allen,2019,LAC,23,CB,15,0,11,7,73,10.4,0,2,25,6.6,0.5,4.9,1,LAC,27,WR,16,16,149,104,1199,11.5,6,63,45,8,6.5,74.9,0,12.3,0.82
Tyrie Cleveland,DEN,2020,74,209,4.46,252,Courtland Sutton,2019,DEN,23,WR,10,0,9,6,63,10.5,0,4,17,7,0.6,6.3,0,DEN,24,WR,16,14,124,72,1112,15.4,6,50,70,9,4.5,69.5,2,12.3,1.23
Marquise Brown,BAL,2019,69,170,4.32,25,Mark Andrews,2018,BAL,22,WR,14,11,71,46,584,12.7,7,24,83,8.2,3.3,41.7,0,BAL,23,TE,16,3,50,34,552,16.2,3,28,74,11,2.1,34.5,0,146.4,10.45714286
N'Keal Harry,NE,2019,74,225,4.53,32,Julian Edelman,2018,NWE,22,WR,7,5,24,12,105,8.8,2,7,18,4.4,1.7,15,0,NWE,32,WR,12,12,108,74,850,11.5,6,41,36,7.9,6.2,70.8,1,34.5,4.928571429
Deebo Samuel,SF,2019,71,214,4.48,36,George Kittle,2018,SFO,23,WR,15,11,81,57,802,14.1,3,32,42,9.9,3.8,53.5,2,SFO,25,TE,16,16,136,88,1377,15.6,5,60,85,10.1,5.5,86.1,0,151.2,10.08
A.J. Brown,TEN,2019,72,226,4.49,51,Jonnu Smith,2018,TEN,22,WR,16,11,84,52,1051,20.2,8,39,91,12.5,3.3,65.7,1,TEN,23,TE,13,12,30,20,258,12.9,3,10,61,8.6,1.5,19.8,1,203.1,12.69375
Mecole Hardman,KC,2019,70,187,4.33,56,Travis Kelce,2018,KAN,21,WR,16,5,41,26,538,20.7,6,18,83,13.1,1.6,33.6,2,KAN,29,TE,16,16,150,103,1336,13,10,68,43,8.9,6.4,83.5,2,111.8,6.9875
JJ Arcega-Whiteside,PHI,2019,74,225,4.49,57,Zach Ertz,2018,PHI,23,WR,16,5,22,10,169,16.9,1,7,30,7.7,0.6,10.6,0,PHI,28,TE,16,16,156,116,1163,10,8,66,34,7.5,7.3,72.7,1,32.9,2.05625
Parris Campbell,IND,2019,72,205,4.31,59,T.Y. Hilton,2018,IND,22,WR,7,3,24,18,127,7.1,1,6,27,5.3,2.6,18.1,3,IND,29,WR,14,14,120,76,1270,16.7,6,55,68,10.6,5.4,90.7,0,30.7,4.385714286
Andy Isabella,ARI,2019,69,188,4.31,62,Larry Fitzgerald,2018,ARI,23,WR,15,1,13,9,189,21,1,4,88,14.5,0.6,12.6,0,ARI,35,WR,16,16,112,69,734,10.6,6,39,37,6.6,4.3,45.9,0,33.9,2.26
D.K. Metcalf,SEA,2019,76,228,4.33,64,Tyler Lockett,2018,SEA,22,WR,16,15,100,58,900,15.5,7,39,54,9,3.6,56.3,3,SEA,26,WR,16,14,70,57,965,16.9,10,37,52,13.8,3.6,60.3,2,184,11.5
Diontae Johnson,PIT,2019,70,183,4.53,66,JuJu Smith-Schuster,2018,PIT,23,WR,16,12,92,59,680,11.5,5,31,45,7.4,3.7,42.5,5,PIT,22,WR,16,13,166,111,1426,12.8,7,67,97,8.6,6.9,89.1,1,147,9.1875
Jalen Hurd,SF,2019,76,230,4.6,67,George Kittle,2018,0,22.41216216,0,0,0,0,0,0,0,0,0,0,0,0,0,0,SFO,25,TE,16,16,136,88,1377,15.6,5,60,85,10.1,5.5,86.1,0,0,0
Terry McLaurin,WAS,2019,72,208,4.35,76,Chris Thompson,2018,WAS,24,WR,14,14,93,58,919,15.8,7,43,75,9.9,4.1,65.6,0,WAS,28,RB,10,0,55,41,268,6.5,1,12,23,4.9,4.1,26.8,1,191.9,13.70714286
Miles Boykin,BAL,2019,76,220,4.42,93,Mark Andrews,2018,BAL,23,WR,16,11,22,13,198,15.2,3,10,50,9,0.8,12.4,0,BAL,23,TE,16,3,50,34,552,16.2,3,28,74,11,2.1,34.5,0,50.8,3.175
Hakeem Butler,ARI,2019,77,227,4.48,103,Larry Fitzgerald,2018,0,22.41216216,0,0,0,0,0,0,0,0,0,0,0,0,0,0,ARI,35,WR,16,16,112,69,734,10.6,6,39,37,6.6,4.3,45.9,0,0,0
Gary Jennings,SEA,2019,73,214,4.42,120,Tyler Lockett,2018,0,22.41216216,0,0,0,0,0,0,0,0,0,0,0,0,0,0,SEA,26,WR,16,14,70,57,965,16.9,10,37,52,13.8,3.6,60.3,2,0,0
Riley Ridley,CHI,2019,73,199,4.58,126,Allen Robinson II,2018,CHI,23,WR,5,0,7,6,69,11.5,0,4,32,9.9,1.2,13.8,0,0,25.56647399,0,0,0,0,0,0,0,0,0,0,0,0,0,0,12.9,2.58
Hunter Renfrow,LV,2019,70,184,4.59,149,Darren Waller,2018,OAK,24,WR,13,4,71,49,605,12.3,4,30,65,8.5,3.8,46.5,1,OAK,26,WR,4,0,6,6,75,12.5,0,4,44,12.5,1.5,18.8,0,131.5,10.11538462
Darius Slayton,NYG,2019,73,190,4.39,171,Evan Engram,2018,NYG,22,WR,14,9,84,48,740,15.4,8,32,55,8.8,3.4,52.9,0,NYG,24,TE,11,8,64,45,577,12.8,3,22,54,9,4.1,52.5,0,170,12.14285714
Keesean Johnson,ARI,2019,73,201,4.6,174,Larry Fitzgerald,2018,0,22.41216216,0,0,0,0,0,0,0,0,0,0,0,0,0,0,ARI,35,WR,16,16,112,69,734,10.6,6,39,37,6.6,4.3,45.9,0,0,0
Travis Fulgham,PHI,2019,74,215,4.58,184,Zach Ertz,2018,DET,24,WR,3,0,3,0,0,0,0,0,0,0,0,0,0,PHI,28,TE,16,16,156,116,1163,10,8,66,34,7.5,7.3,72.7,1,0,0
Juwann Winfree,DEN,2019,74,210,4.51,187,Courtland Sutton,2018,0,22.41216216,0,0,0,0,0,0,0,0,0,0,0,0,0,0,DEN,23,WR,16,9,84,42,704,16.8,4,30,42,8.4,2.6,44,0,0,0
Kelvin Harmon,WAS,2019,74,221,4.6,206,Terry McLaurin,2018,WAS,23,WR,16,8,44,30,365,12.2,0,16,30,8.3,1.9,22.8,0,0,25.56647399,0,0,0,0,0,0,0,0,0,0,0,0,0,0,66.5,4.15625
Scott Miller,TB,2019,69,174,4.39,208,Chris Godwin,2018,TAM,22,WR,10,2,26,13,200,15.4,1,5,48,7.7,1.3,20,0,TAM,22,WR,16,5,95,59,842,14.3,7,48,48,8.9,3.7,52.6,4,39,3.9
John Ursua,SEA,2019,69,182,4.58,236,Tyler Lockett,2018,SEA,25,WR,3,0,1,1,11,11,0,1,11,11,0.3,3.7,0,SEA,26,WR,16,14,70,57,965,16.9,10,37,52,13.8,3.6,60.3,2,2.1,0.7
Terry Godwin,CAR,2019,71,185,4.55,237,D.J. Moore,2018,0,22.41216216,0,0,0,0,0,0,0,0,0,0,0,0,0,0,CAR,21,WR,16,10,82,55,788,14.3,2,33,82,9.6,3.4,49.3,4,0,0
Dillon Mitchell,MIN,2019,73,197,4.46,239,Stefon Diggs,2018,0,22.41216216,0,0,0,0,0,0,0,0,0,0,0,0,0,0,MIN,25,WR,15,14,149,102,1021,10,9,49,75,6.9,6.8,68.1,0,0,0
Olabisi Johnson,MIN,2019,72,204,4.51,247,Adam Thielen,2018,MIN,22,WR,16,6,45,31,294,9.5,3,17,23,6.5,1.9,18.4,0,MIN,28,WR,16,16,153,113,1373,12.2,9,74,68,9,7.1,85.8,1,78.4,4.9
D.J. Moore,CAR,2018,72,210,4.42,24,Christian McCaffrey,2017,CAR,21,WR,16,10,82,55,788,14.3,2,33,82,9.6,3.4,49.3,4,CAR,21,RB,16,10,113,80,651,8.1,5,37,37,5.8,5,40.7,2,137.8,8.6125
Calvin Ridley,ATL,2018,73,190,4.43,26,Julio Jones,2017,ATL,24,WR,16,5,92,64,821,12.8,10,39,75,8.9,4,51.3,2,ATL,28,WR,16,16,148,88,1444,16.4,3,67,53,9.8,5.5,90.3,0,202.1,12.63125
Courland Sutton,DEN,2018,75,218,4.54,40,Emmanuel Sanders,2017,0,22.41216216,0,0,0,0,0,0,0,0,0,0,0,0,0,0,DEN,30,WR,12,11,92,47,555,11.8,2,30,38,6,3.9,46.3,0,0,0
Dante Pettis,SF,2018,73,195,4.47,44,George Kittle,2017,SFO,23,WR,12,7,45,27,467,17.3,5,19,75,10.4,2.3,38.9,2,SFO,24,TE,15,7,63,43,515,12,2,24,44,8.2,2.9,34.3,0,99.7,8.308333333
Christian Kirk,ARI,2018,71,200,4.47,47,Larry Fitzgerald,2017,ARI,22,WR,12,7,68,43,590,13.7,3,21,75,8.7,3.6,49.2,0,ARI,34,WR,16,16,161,109,1156,10.6,6,65,37,7.2,6.8,72.3,1,120,10
Anthony Miller,CHI,2018,71,190,4.5,51,Allen Robinson II,2017,CHI,24,WR,15,4,54,33,423,12.8,7,19,55,7.8,2.2,28.2,1,0,25.56647399,0,0,0,0,0,0,0,0,0,0,0,0,0,0,115.3,7.686666667
James Washington,PIT,2018,71,213,4.54,60,Antonio Brown,2017,PIT,22,WR,14,6,38,16,217,13.6,1,11,47,5.7,1.1,15.5,0,PIT,29,WR,14,14,163,101,1533,15.2,9,69,57,9.4,7.2,109.5,4,43.7,3.121428571
DJ Chark,JAX,2018,75,199,4.34,61,DeDe Westbrook,2017,JAX,22,WR,11,0,32,14,174,12.4,0,6,38,5.4,1.3,15.8,1,0,25.56647399,0,0,0,0,0,0,0,0,0,0,0,0,0,0,29.4,2.672727273
Michael Gallup,DAL,2018,73,205,4.51,81,Amari Cooper,2017,DAL,22,WR,16,8,68,33,507,15.4,2,21,49,7.5,2.1,31.7,0,OAK,23,WR,14,12,96,48,680,14.2,7,28,87,7.1,3.4,48.6,1,95.7,5.98125
Tre'Quan Smith,NOR,2018,74,210,4.49,91,Michael Thomas,2017,NOR,22,WR,15,7,44,28,427,15.3,5,23,62,9.7,1.9,28.5,0,NOR,24,WR,16,14,149,104,1245,12,5,71,43,8.4,6.5,77.8,0,100.7,6.713333333
Keke Coutee,HOU,2018,71,180,4.43,103,DeAndre Hopkins,2017,HOU,21,WR,6,2,41,28,287,10.3,1,13,40,7,4.7,47.8,0,HOU,25,WR,15,15,174,96,1378,14.4,13,69,72,7.9,6.4,91.9,1,62.7,10.45
Antonio Callaway,CLE,2018,71,200,4.41,105,Jarvis Landry,2017,CLE,21,WR,16,11,79,43,586,13.6,5,27,71,7.4,2.7,36.6,1,MIA,25,WR,16,16,161,112,987,8.8,9,62,49,6.1,7,61.7,4,129.6,8.1
DaeSean Hamilton,DEN,2018,73,203,4.47,113,Emmanuel Sanders,2017,DEN,23,WR,14,5,45,30,243,8.1,2,16,24,5.4,2.1,17.4,0,DEN,30,WR,12,11,92,47,555,11.8,2,30,38,6,3.9,46.3,0,66.3,4.735714286
Jaleel Scott,BAL,2018,77,218,4.56,132,Willie Snead IV,2017,0,22.41216216,0,0,0,0,0,0,0,0,0,0,0,0,0,0,0,25.56647399,0,0,0,0,0,0,0,0,0,0,0,0,0,0,0,0
J'Mon Moore,GB,2018,75,205,4.6,133,Davante Adams,2017,GNB,23,WR,12,0,3,2,15,7.5,0,1,10,5,0.2,1.3,1,GNB,25,WR,14,14,117,74,885,12,10,46,55,7.6,5.3,63.2,0,1.5,0.125
Justin Watson,TB,2018,75,215,4.64,144,Mike Evans,2017,TAM,22,WR,12,0,3,1,5,5,0,0,5,1.7,0.1,0.4,0,TAM,24,WR,15,15,136,71,1001,14.1,5,55,42,7.4,4.7,66.7,1,1.5,0.125
Daurice Fountain,IND,2018,73,210,4.46,159,T.Y. Hilton,2017,0,22.41216216,0,0,0,0,0,0,0,0,0,0,0,0,0,0,IND,28,WR,16,16,109,57,966,16.9,4,38,80,8.9,3.6,60.4,2,0,0
Jordan Lasley,BAL,2018,73,213,4.5,162,Willie Snead IV,2017,0,22.41216216,0,0,0,0,0,0,0,0,0,0,0,0,0,0,0,25.56647399,0,0,0,0,0,0,0,0,0,0,0,0,0,0,0,0
Marquez Valdes-Scantling,GB,2018,76,206,4.37,174,Davante Adams,2017,GNB,24,WR,16,10,73,38,581,15.3,2,23,60,8,2.4,36.3,0,GNB,25,WR,14,14,117,74,885,12,10,46,55,7.6,5.3,63.2,0,108.1,6.75625
Damion Ratley,CLE,2018,74,200,4.45,175,David Njoku,2017,CLE,23,WR,13,3,20,13,144,11.1,0,5,27,7.2,1,11.1,0,CLE,21,TE,16,5,60,32,386,12.1,4,17,34,6.4,2,24.1,0,27.4,2.107692308
Deon Cain,IND,2018,74,202,4.43,185,T.Y. Hilton,2017,0,22.41216216,0,0,0,0,0,0,0,0,0,0,0,0,0,0,IND,28,WR,16,16,109,57,966,16.9,4,38,80,8.9,3.6,60.4,2,0,0
Ray-Ray McCloud,BUF,2018,69,190,4.53,187,Kelvin Benjamin,2017,BUF,22,WR,10,1,6,5,36,7.2,0,2,16,6,0.5,3.6,2,2TM,26,WR,14,14,78,48,692,14.4,3,0,43,8.9,3.4,49.4,0,4.6,0.46
Dylan Cantrell,LAC,2018,75,226,4.59,191,Mike Williams,2017,0,22.41216216,0,0,0,0,0,0,0,0,0,0,0,0,0,0,LAC,23,WR,10,1,23,11,95,8.6,0,7,20,4.1,1.1,9.5,0,0,0
Russell Gage,ATL,2018,72,184,4.42,194,Julio Jones,2017,ATL,22,WR,15,0,10,6,63,10.5,0,2,22,6.3,0.4,4.2,0,ATL,28,WR,16,16,148,88,1444,16.4,3,67,53,9.8,5.5,90.3,0,12.3,0.82
Equanimeous St. Brown,GB,2018,77,214,4.48,207,Davante Adams,2017,GNB,22,WR,12,7,36,21,328,15.6,0,13,54,9.1,1.8,27.3,0,GNB,25,WR,14,14,117,74,885,12,10,46,55,7.6,5.3,63.2,0,53.8,4.483333333
Cedrick Wilson,DAL,2018,74,197,4.55,208,Amari Cooper,2017,0,22.41216216,0,0,0,0,0,0,0,0,0,0,0,0,0,0,OAK,23,WR,14,12,96,48,680,14.2,7,28,87,7.1,3.4,48.6,1,0,0
Braxton Berrios,NE,2018,69,190,4.44,210,Julian Edelman,2017,0,22.41216216,0,0,0,0,0,0,0,0,0,0,0,0,0,0,0,25.56647399,0,0,0,0,0,0,0,0,0,0,0,0,0,0,0,0
Javon Wims,CHI,2018,75,215,4.53,224,Allen Robinson II,2017,CHI,24,WR,4,0,5,4,32,8,0,2,16,6.4,1,8,0,0,25.56647399,0,0,0,0,0,0,0,0,0,0,0,0,0,0,7.2,1.8
Marcell Ateman,OAK,2018,76,216,4.62,228,Jordy Nelson,2017,OAK,24,WR,7,6,31,15,154,10.3,1,7,32,5,2.1,22,0,GNB,32,WR,15,15,88,53,482,9.1,6,38,58,5.5,3.5,32.1,0,36.4,5.2
Richie James,SF,2018,69,185,4.48,240,George Kittle,2017,SFO,23,WR,13,2,14,9,130,14.4,1,4,53,9.3,0.7,10,2,SFO,24,TE,15,7,63,43,515,12,2,24,44,8.2,2.9,34.3,0,24,1.846153846
Auden Tate,CIN,2018,77,228,4.68,253,A.J. Green,2017,CIN,21,WR,7,0,12,4,35,8.8,0,2,15,2.9,0.6,5,0,CIN,29,WR,16,16,143,75,1078,14.4,8,55,77,7.5,4.7,67.4,2,7.5,1.071428571
Austin Proehl,BUF,2018,70,186,4.41,255,Zay Jones,2017,0,22.41216216,0,0,0,0,0,0,0,0,0,0,0,0,0,0,BUF,22,WR,15,10,74,27,316,11.7,2,19,33,4.3,1.8,21.1,0,0,0
Trey Quinn,WAS,2018,72,203,4.55,256,Josh Doctson,2017,WAS,23,WR,3,2,10,9,75,8.3,1,5,15,7.5,3,25,0,WAS,25,WR,16,14,78,35,502,14.3,6,25,52,6.4,2.2,31.4,0,22.5,7.5
Corey Davis,TEN,2017,75,209,4.53,5,Rishard Matthews,2016,TEN,22,WR,11,9,65,34,375,11,0,17,37,5.8,3.1,34.1,1,0,25.56647399,0,0,0,0,0,0,0,0,0,0,0,0,0,0,69.5,6.318181818
Mike Williams,LAC,2017,76,218,4.5,7,Keenan Allen,2016,LAC,23,WR,10,1,23,11,95,8.6,0,7,20,4.1,1.1,9.5,0,0,25.56647399,0,0,0,0,0,0,0,0,0,0,0,0,0,0,20.5,2.05
John Ross,CIN,2017,71,188,4.22,9,A.J. Green,2016,CIN,22,WR,3,1,2,0,0,0,0,0,0,0,0,0,1,0,25.56647399,0,0,0,0,0,0,0,0,0,0,0,0,0,0,-2,-0.666666667
Zay Jones,BUF,2017,74,201,4.45,37,Charles Clay,2016,BUF,22,WR,15,10,74,27,316,11.7,2,19,33,4.3,1.8,21.1,0,0,25.56647399,0,0,0,0,0,0,0,0,0,0,0,0,0,0,70.6,4.706666667
Curtis Samuel,CAR,2017,71,196,4.31,40,Greg Olsen,2016,CAR,21,WR,9,4,26,15,115,7.7,0,6,23,4.4,1.7,12.8,0,0,25.56647399,0,0,0,0,0,0,0,0,0,0,0,0,0,0,26.5,2.944444444
JuJu Smith-Schuster,PIT,2017,73,215,4.54,62,Antonio Brown,2016,PIT,21,WR,14,7,79,58,917,15.8,7,37,97,11.6,4.1,65.5,0,0,25.56647399,0,0,0,0,0,0,0,0,0,0,0,0,0,0,191.7,13.69285714
Cooper Kupp,LAR,2017,74,208,4.62,69,Kenny Britt,2016,LAR,24,WR,15,6,94,62,869,14,5,42,64,9.2,4.1,57.9,1,0,25.56647399,0,0,0,0,0,0,0,0,0,0,0,0,0,0,176.9,11.79333333
Taywan Taylor,TEN,2017,71,203,4.5,72,Rishard Matthews,2016,TEN,22,WR,16,4,28,16,231,14.4,1,9,53,8.3,1,14.4,0,0,25.56647399,0,0,0,0,0,0,0,0,0,0,0,0,0,0,45.1,2.81875
ArDarius Stewart,NYJ,2017,71,204,4.49,79,Jermaine Kearse,2016,NYJ,24,WR,15,2,13,6,82,13.7,0,2,46,6.3,0.4,5.5,0,0,25.56647399,0,0,0,0,0,0,0,0,0,0,0,0,0,0,14.2,0.946666667
Carlos Henderson,DEN,2017,71,199,4.46,82,Emmanuel Sanders,2016,0,22.41216216,0,0,0,0,0,0,0,0,0,0,0,0,0,0,0,25.56647399,0,0,0,0,0,0,0,0,0,0,0,0,0,0,0,0
Chris Godwin,TB,2017,73,209,4.42,84,Adam Humphries,2016,TAM,21,WR,16,2,55,34,525,15.4,1,27,70,9.5,2.1,32.8,0,0,25.56647399,0,0,0,0,0,0,0,0,0,0,0,0,0,0,92.5,5.78125
Kenny Golladay,DET,2017,76,218,4.5,96,Marvin Jones Jr.,2016,DET,24,WR,11,5,48,28,477,17,3,18,54,9.9,2.5,43.4,0,0,25.56647399,0,0,0,0,0,0,0,0,0,0,0,0,0,0,93.7,8.518181818
Chad Williams,ARI,2017,73,204,4.43,98,Larry Fitzgerald,2016,ARI,23,WR,6,1,7,3,31,10.3,0,1,15,4.4,0.5,5.2,0,0,25.56647399,0,0,0,0,0,0,0,0,0,0,0,0,0,0,6.1,1.016666667
Amara Darboh,SEA,2017,74,214,4.45,106,Jimmy Graham,2016,SEA,23,WR,16,0,13,8,71,8.9,0,2,16,5.5,0.5,4.4,0,0,25.56647399,0,0,0,0,0,0,0,0,0,0,0,0,0,0,15.1,0.94375
Dede Westbrook,JAX,2017,72,178,4.34,110,Marqise Lee,2016,JAX,24,WR,7,5,51,27,339,12.6,1,15,29,6.6,3.9,48.4,1,0,25.56647399,0,0,0,0,0,0,0,0,0,0,0,0,0,0,64.9,9.271428571
Josh Reynolds,LAR,2017,75,194,4.52,117,Cooper Kupp,2016,LAR,22,WR,16,1,24,11,104,9.5,1,8,28,4.3,0.7,6.5,0,0,25.56647399,0,0,0,0,0,0,0,0,0,0,0,0,0,0,27.4,1.7125
Mack Hollins,PHI,2017,76,221,4.53,118,Zach Ertz,2016,PHI,24,WR,16,0,22,16,226,14.1,1,8,64,10.3,1,14.1,0,0,25.56647399,0,0,0,0,0,0,0,0,0,0,0,0,0,0,44.6,2.7875
Josh Malone,CIN,2017,75,208,4.4,128,A.J. Green,2016,CIN,21,WR,11,7,17,6,63,10.5,1,3,25,3.7,0.5,5.7,0,0,25.56647399,0,0,0,0,0,0,0,0,0,0,0,0,0,0,18.3,1.663636364
Ryan Switzer,DAL,2017,69,181,4.51,133,Dez Bryant,2016,DAL,23,WR,16,0,7,6,41,6.8,0,4,12,5.9,0.4,2.6,1,0,25.56647399,0,0,0,0,0,0,0,0,0,0,0,0,0,0,8.1,0.50625
Jehu Chesson,KC,2017,75,204,4.47,139,Kelvin Benjamin,2016,KAN,24,WR,12,1,4,2,18,9,0,2,10,4.5,0.2,1.5,0,0,25.56647399,0,0,0,0,0,0,0,0,0,0,0,0,0,0,3.8,0.316666667
Chad Hansen,NYJ,2017,74,202,4.53,141,Jermaine Kearse,2016,NYJ,22,WR,15,1,17,9,94,10.4,0,7,24,5.5,0.6,6.3,0,0,25.56647399,0,0,0,0,0,0,0,0,0,0,0,0,0,0,18.4,1.226666667
Shelton Gibson,PHI,2017,71,191,4.5,166,Zach Ertz,2016,PHI,23,WR,5,0,3,2,11,5.5,0,1,6,3.7,0.4,2.2,0,0,25.56647399,0,0,0,0,0,0,0,0,0,0,0,0,0,0,3.1,0.62
Rodney Adams,CHI,2017,73,189,4.44,170,Kendall Wright,2016,0,22.41216216,0,0,0,0,0,0,0,0,0,0,0,0,0,0,0,25.56647399,0,0,0,0,0,0,0,0,0,0,0,0,0,0,0,0
Isaiah McKenzie,DEN,2017,68,173,4.42,172,Demaryius Thomas,2016,DEN,22,WR,11,0,13,4,29,7.3,0,2,14,2.2,0.4,2.6,6,0,25.56647399,0,0,0,0,0,0,0,0,0,0,0,0,0,0,-5.1,-0.463636364
DeAngelo Yancey,GB,2017,74,220,4.53,175,Davante Adams,2016,0,22.41216216,0,0,0,0,0,0,0,0,0,0,0,0,0,0,0,25.56647399,0,0,0,0,0,0,0,0,0,0,0,0,0,0,0,0
Trent Taylor,SF,2017,68,181,4.63,177,Marquise Goodwin,2016,SFO,23,WR,15,1,60,43,430,10,2,27,33,7.2,2.9,28.7,1,0,25.56647399,0,0,0,0,0,0,0,0,0,0,0,0,0,0,96,6.4
Robert Davis,WAS,2017,75,219,4.44,209,Terrelle Pryor Sr.,2016,0,22.41216216,0,0,0,0,0,0,0,0,0,0,0,0,0,0,0,25.56647399,0,0,0,0,0,0,0,0,0,0,0,0,0,0,0,0
Stacy Coley,MIN,2017,72,195,4.45,219,Adam Thielen,2016,0,22.41216216,0,0,0,0,0,0,0,0,0,0,0,0,0,0,0,25.56647399,0,0,0,0,0,0,0,0,0,0,0,0,0,0,0,0
David Moore,SEA,2017,72,215,4.43,226,Jimmy Graham,2016,0,22.41216216,0,0,0,0,0,0,0,0,0,0,0,0,0,0,0,25.56647399,0,0,0,0,0,0,0,0,0,0,0,0,0,0,0,0
Isaiah Ford,MIA,2017,74,194,4.61,237,Kenny Stills,2016,0,22.41216216,0,0,0,0,0,0,0,0,0,0,0,0,0,0,0,25.56647399,0,0,0,0,0,0,0,0,0,0,0,0,0,0,0,0
Noah Brown,DAL,2017,74,222,4.56,239,Cole Beasley,2016,DAL,21,WR,13,1,9,4,33,8.3,0,3,14,3.7,0.3,2.5,0,0,25.56647399,0,0,0,0,0,0,0,0,0,0,0,0,0,0,7.3,0.561538462
Malachi Dupre,GB,2017,74,196,4.52,247,Jordy Nelson,2016,0,22.41216216,0,0,0,0,0,0,0,0,0,0,0,0,0,0,0,25.56647399,0,0,0,0,0,0,0,0,0,0,0,0,0,0,0,0
